gen,zone,tech,fuel,StYr,RetrYr,Capacity,Status,MinLimitShare,HeatRate,RampUpRate,RampDnRate,OverLoadFactor,ResLimShare,FOMperMW,VOM,ReserveCost,Capex,Life,BuildLimitperYear,DescreteCap,fuel2,HeatRate2,MinUtilization,RETech,UnitSize
Acacia_TH_ZAF,South_Africa,OCGT,HFO,1976,2026,171,1,,11.26101378,,,,,,,,0,,,0,,0,0,0,0
Agg_THICE1_ZAR,DRC,ICE,HFO,2000,2050,20.7,1,,10.41544727,,,,,,,,0,,0,0,,0,0,0,0
Agg_THICE2_ZAR,DRC,ICE,HFO,2000,2050,124.4,1,,10.41544727,,,,,,,,0,,0,0,,0,0,0,0
AggDiesel_TH_MOZ,Mozambique,ICE,HFO,2000,2050,48,1,,13.62126767,,,,,,,,0,,,0,,0,0,0,0
Aggreko_IPP_ICE_MWI,Malawi,ICE,Diesel,2000,2019,0,1,,,,,,,,,0,0,,0,0,,0,0,0,0
Aggreko_TH_MOZ,Mozambique,ICE,HFO,2000,2018,55,1,,9.990938997,,,,,,,,0,,,0,,0,0,0,0
AH_Cambambe_C1,Angola,ReservoirHydro,Water,1962,2060,195,1,,,,,,0.121826136,,,0,0,50,,0,,0,0,0,0
AH_Cambambe_C2,Angola,ReservoirHydro,Water,2016,2060,700,1,,,,,,0.121826136,,,0,0,50,0,0,,0,0,0,0
AH_Capanda,Angola,ReservoirHydro,Water,2004,2060,520,1,,,,,,0.121826136,,,0,0,50,,0,,0,0,0,0
AH_Lauca,Angola,ReservoirHydro,Water,2017,2060,2004,1,,,,,,0.225,,,0,0,50,0,0,,0,0,0,334
Ah_Lauca_ECO,Angola,ReservoirHydro,Water,2023,2060,0,1,,,,,,0.225,,,0,0,50,0,0,,0,0,0,0
AH_Matala,Angola,ReservoirHydro,Water,1959,2060,40.8,1,,,,,,0.121826136,,,0,0,50,,0,,0,0,0,0
AngolaCCGTNG_TH_AGO,Angola,CCGT,LNG,2055,2105,0,3,,,,,,,,,,1.245080501,,400,0,7,7.1,0.05,0,0
AngolaDiesel_TH_AGO,Angola,ICE,HFO,2024,2054,0,3,,10.41544727,,,,,,,,0.933810376,,0,0,,0,0.06,0,0
Anixas_TH_NAM,Namibia,ICE,HFO,2011,2061,22.5,1,,10.41544727,,,,,,,,0,,,0,,0,0,0,0
AnixasII_TH_NAM,Namibia,ICE,HFO,2024,2061,54,2,,10.41544727,,,,,,,,0.933810376,,,0,,0,0,0,0
Ankerlig(Atlantis)_TH_ZAF,South_Africa,OCGT,HFO,2007,2057,1327,1,,9.39286647,,,,,,,,0,,,0,,0,0,0,0
Arnot1_TH_ZAF,South_Africa,ST,Coal,1975,2033,1116,1,,13.3,,,,,,,,0,,,0,,0,0.05,0,372
Arnot2_TH_ZAF,South_Africa,ST,Coal,1975,2033,1116,1,,13.3,,,,,,,,0,,,0,,0,0.05,0,372
Athlone_TH_ZAF,South_Africa,ST,Coal,1962,2019,180,1,,10.10657267,,,,,,,,0,,,0,,0,0.05,0,180
Avon_TH_ZAF,South_Africa,OCGT,HFO,2015,2065,837.5,1,,13.62107811,,,,,,,,0,,,0,,0,0,0,0
Bagamoyo,Tanzania,CCGT,Gas,2028,2078,200,3,,,0.1,0.1,,,,,0,1.2,,200,0,,0,0.05,0,0
Bagasse_co-generation_BM_MWI,Malawi,ST,Biomass,2030,2060,60,3,,10,0.9,0.9,,,,10,,4.26,,60,0,,0,0,0,0
BatokaGorgeNorth_HY_ZMB,Zambia,ReservoirHydro,Water,2035,2060,1200,3,,,,,,0.278070484,,,0,1.699534884,50,400,0,,0,0,0,0
BatokaGorgeSouth_HY_ZWE,Zimbabwe,ReservoirHydro,Water,2035,2060,1200,3,,,,,,0.275342466,,,0,1.699534884,50,1200,0,,0,0,0,0
Baynes(Angola)_HY_AGO,Angola,ReservoirHydro,Water,2032,2072,430,3,,,,,,0.121826136,,,0,3.115813953,50,430,0,,0,0,0,0
Baynes(Namibia)_HY_NAM,Namibia,ReservoirHydro,Water,2032,2060,300,3,,,,,,0.175,,,0,3.115813953,50,300,0,,0,0,0,0
Beloluane_TH_MOZ,Mozambique,OCGT,Gas,2016,2066,0,1,0.2,13.62126767,,,,,,,,0,,,0,7,14.32126767,0.4,0,0
Bloemfontein_TH_ZAF,South_Africa,ST,Coal,1965,2015,103,1,,14,,,,,,,,0,,,0,,0,0.05,0,103
Boroma_HY_MOZ,Mozambique,ReservoirHydro,Water,2037,2060,0,3,,,,,,0.406440138,,,0,4.248837209,50,0,0,,0,0,0,0
BotswanaCoal_TH_BWA,Botswana,ST,Coal,2026,2076,0,3,,8.6,,,,,,,,2.466504472,,0,0,,0,0.05,0,0
BotswanaSolarCSP_REN_BWA,Botswana,CSPPlant,CSP,2027,2067,200,3,0,0,1,1,0,0.8,22000,3,0,1.915,30,200,0,,0,0,0,0
Bulawayo_TH_ZWE,Zimbabwe,ST,Coal,1999,2055,90,1,,11.373804,,,,,,,,0,,,0,,0,0.1,0,90
Busanga_HY_ZAR,DRC_South,ReservoirHydro,Water,2022,2060,240,1,,,,,,0.193435172,,,0,0,50,0,0,,0,0,0,0
CaculoCabaca_HY_AGO,Angola,ReservoirHydro,Water,2027,2067,2172,2,,,,,,0.24,,,0,4.5,50,2172,0,,0,0,0,0
Cafula(Keve)_HY_AGO,Angola,ReservoirHydro,Water,2055,2060,400,3,,,,,,0.272,,,0,5.240232558,50,400,0,,0,0,0,0
CahoraBassa_HY_MOZ,Mozambique,ReservoirHydro,Water,2000,2060,700,1,,,,,,0.4,,,0,0,50,,0,,0,0,0,0
Calengue(Catumbela)_HY_AGO,Angola,ReservoirHydro,Water,2055,2060,180,3,,,,,,0.3415,,,0,4.248837209,50,180,0,,0,0,0,0
Camden_TH_ZAF,South_Africa,ST,Coal,1967,2030,1481,1,,13.6,,,,,,,,0,,,0,,0,0.05,0,185.125
CandidateCoal_TH_ZWE,Zimbabwe,ST,Coal,2025,2075,0,3,,8.6,,,,,,,,2.466504472,,0,0,,0,0.05,0,0
CandidateHydro_HY_ZMB,Zambia,ReservoirHydro,Water,2029,2060,315,3,,,,,,0.278070484,,,0,4.248837209,50,315,0,,0,0,0,0
Cedar_Muloza,Malawi,ReservoirHydro,Water,2022,2060,3.3,1,,,,,,0.325077306,,,0,0,50,0,0,,0,0,0,0
CF_Bafia_Farta,Angola,PV,Solar,2022,2073,75.5,1,0,0,1,1,0,0,15000,0,0,0,25,0,0,,0,0,1,0
CF_Biopio,Angola,PV,Solar,2022,2073,144.9,1,0,0,1,1,0,0,15000,0,0,0,25,0,0,,0,0,1,0
Chasombo_HY_MWI,Malawi,ReservoirHydro,Water,2055,2060,40.4,3,,,,,,0.325077306,,,,3.445,,40.4,0,,0,0,0,0
ChishimbaFalls_HY_ZMB,Zambia,ReservoirHydro,Water,2004,2060,6,1,,,,,,0.107375,,,0,0,50,,0,,0,0,0,0
ChishimbaFallsExt_HY_ZMB,Zambia,ReservoirHydro,Water,2026,2060,9,2,,,,,,0.107375,,,0,4.251,50,,0,,0,0,0,0
Chisumbanje_BIO_ZWE,Zimbabwe,ST,Biomass,2024,2074,4,3,,10,0.33,0.33,,0.8,48000,,,2.723613596,,4,0,,0,0,0,4
Chitipa_WIND_MWI,Malawi,OnshoreWind,Wind,2027,2057,0,3,0,0,1,1,0,0,28000,0,0,1.6,30,0,0,,0,0,1,0
Chiweta_GT_MWI,Malawi,ST,Geothermal,2055,2060,12,3,0,0,1,1,0,0.2,15000,2.538071066,0,9.95,30,12,0,,0,0,0,0
Chizuma_HY_MWI,Malawi,ReservoirHydro,Water,2055,2060,40.4,3,,,,,,0.325077306,,,,3.445,,40.4,0,,0,0,0,0
CIF_TH_AGO,Angola,OCGT,Gas,2000,2019,50,1,0.2,13.1746563,,,,,,,,0,,,0,7,13.8746563,0.25,0,0
Committed_PV1-1_BWA,Botswana,PV,Solar,2026,2060,235,3,0,0,1,1,0,0,15000,0,0,0.8,25,58.75,0,,0,0,1,0
Committed_PV1-2_BWA,Botswana,PV,Solar,2030,2060,300,3,0,0,1,1,0,0,15000,0,0,0.8,25,75,0,,0,0,1,0
Committed_PV1-3_BWA,Botswana,PV,Solar,2035,2060,0,3,0,0,1,1,0,0,15000,0,0,0.8,25,0,0,,0,0,1,0
Committed_Wind1-1_BWA,Botswana,OnshoreWind,Wind,2027,2057,0,2,0,0,1,1,0,0,28000,0,0,1.915,30,0,0,,0,0,1,0
Committed_Wind1-2_BWA,Botswana,OnshoreWind,Wind,2025,2055,0,2,0,0,1,1,0,0,28000,0,0,1.915,30,0,0,,0,0,1,0
Committed_Wind1-3_BWA,Botswana,OnshoreWind,Wind,2028,2058,0,2,0,0,1,1,0,0,28000,0,0,1.915,30,50,0,,0,0,1,0
Committed_Wind1-4_BWA,Botswana,OnshoreWind,Wind,2031,2061,0,2,0,0,1,1,0,0,28000,0,0,1.915,30,0,0,,0,0,1,0
Committed_Wind1-5_BWA,Botswana,OnshoreWind,Wind,2035,2065,0,2,0,0,1,1,0,0,28000,0,0,1.915,30,50,0,,0,0,1,0
Committed1_PV_AGO,Angola,PV,Solar,2024,2060,171.1,2,0,0,1,1,0,0,15000,0,0,0.8,25,400,0,,0,0,1,0
Committed2_PV_AGO,Angola,PV,Solar,2025,2060,43.7,2,0,0,1,1,0,0,15000,0,0,0.8,25,400,0,,0,0,1,0
Committed3_PV_AGO,Angola,PV,Solar,2026,2060,658,2,0,0,1,1,0,0,15000,0,0,0.8,25,400,0,,0,0,1,0
CommittedCSP1_NAM,Namibia,CSPPlant,CSP,2024,2050,0,2,0,0,1,1,0,0.8,22000,3,0,1.85,30,0,0,,0,0,0,0
CommittedSolar_REN_ZAR,DRC,PV,Solar,2025,2060,200,2,0,0,1,1,0,0,15000,0,0,0.8,25,200,0,,0,0,1,0
CommittedWind1-5_NAM,Namibia,OnshoreWind,Wind,2036,2066,0,2,0,0,1,1,0,0,28000,0,0,1.75,30,0,0,,0,0,1,0
CT_Biocom,Angola,ST,Biomass,2009,2051,20,1,,10.8998955,,,,0.8,48000,,,0,,,0,,0,0,0,20
CT_Malembo,Angola,OCGT,Gas,2012,2055,105,1,0.2,11.49838981,,,,,,,,0,,,0,7,12.19838981,0.25,0,0
CT_OffGrid_Diesel,Angola,ICE,Diesel,2013,2063,371.55,1,0.06,10.42,1,1,0,0.4,8000,6.4,0,0,30,0,0,,0,0,0,0
CT_OnGrid_Diesel,Angola,ICE,Diesel,2000,2050,343.46,1,0.06,13.62,1,1,0,0.4,8000,6.4,0,0,30,0,0,,0,0,0,0
CT_PV_Diesel_Hybrid,Angola,PV,Solar,2017,2051,30,1,0,0,1,1,0,0,15000,0,0,0,30,,0,12,10.42,0,1,30
CT_Soyo,Angola,CCGT,Gas,2017,2073,500,1,,9,,,,,,,0,0,,0,0,12,9.7,0.05,0,0
CTMJICA1_TH_MOZ,Mozambique,OCGT,Gas,2018,2068,106,1,0.2,10.425987,,,,,,,,0,,0,0,7,11.125987,0.5,0,0
CTMJICA2_TH_MOZ,Mozambique,OCGT,Gas,2026,2076,29,3,0.2,,,,,,,,,1.016815742,,29,0,7,9.7,0.05,0,0
Cutato1-3_HY_AGO,Angola,ReservoirHydro,Water,2055,2060,300,3,,,,,,0.121826136,,,0,4.248837209,50,300,0,,0,0,0,0
Dedisa_TH_ZAF,South_Africa,OCGT,HFO,2015,2065,335,1,,13.62107811,,,,,,,,0,,,0,,0,0,0,0
Dedza_WIND_MWI,Malawi,OnshoreWind,Wind,2027,2057,0,3,0,0,1,1,0,0,28000,0,0,1.6,30,0,0,,0,0,1,0
DemaEmergency_TH_ZWE,Zimbabwe,ICE,HFO,2017,2020,200,1,,11.373804,,,,,,,,0,,,0,,0,0,0,0
Devil'sGorgeNorth_HY_ZMB,Zambia,ReservoirHydro,Water,2032,2060,600,3,,,,,,0.278070484,,,0,4.248837209,50,600,0,,0,0,0,0
Devil'sGorgeSouth_HY_ZWE,Zimbabwe,ReservoirHydro,Water,2032,2070,600,3,,,,,,0.275342466,,,0,4.248837209,50,600,0,,0,0,0,0
Diaz_Wind_NAM,Namibia,OnshoreWind,Wind,2027,2057,50,2,0,0,1,1,0,0,28000,0,0,1.8,30,44,0,,0,0,1,0
DrakensbergPH_HY_ZAF,South_Africa,Storage,Water,1985,2060,1000,1,,0,1,1,0,0.8,46500,0.55,0,0,50,,0,,0,0,0,0
Duvha_TH_ZAF,South_Africa,ST,Coal,1980,2033,2875,1,,12.3,,,,,,,,0,,,0,,0,0.05,0,479.1666667
Duynefontein_NU_ZAF,South_Africa,ST,Uranium,2032,2072,2500,3,0.7,9.2886066,0.1,0.1,0,0,100000,2.3,0,6.295957066,50,2500,0,,0,0.6,0,0
EAPower&Mapembasi_HY_TZA,Tanzania,ReservoirHydro,Water,2016,2060,0,1,,,,,,0.215276497,,,0,0,50,,0,,0,0,0,0
Edwaleni1_HY_SWZ,Eswatini,ReservoirHydro,Water,2000,2060,10,1,,,,,,0.152,,,0,0,50,,0,,0,0,0,0
Edwaleni2_HY_SWZ,Eswatini,ReservoirHydro,Water,2000,2060,5,1,,,,,,0.152,,,0,0,50,,0,,0,0,0,0
EdwaleniThermal_TH_SWZ,Eswatini,ICE,HFO,2000,2050,9,1,,11.73397446,,,,,,,,0,,,0,,0,0,0,0
EEC_Solar_PV,Eswatini,PV,Solar,2021,2060,10,1,0,0,1,1,0,0,15000,0,0,0,25,0,0,,0,0,1,0
Ethanol_project_BM_MWI,Malawi,ST,Biomass,2032,2060,28,3,,10,,,,,,10,,7.2,,28,0,,0,0,0,0
Existing _PV_NAM,Namibia,PV,Solar,2015,2060,127,1,0,0,1,1,0,0,15000,0,0,0,25,0,0,,0,0,1,0
Existing _PV_ZIM,Zimbabwe,PV,Solar,2022,2060,38,1,0,0,1,1,0,0,15000,0,0,0,25,,0,,0,0,1,0
Existing_AusWind_NAM,Namibia,OnshoreWind,Wind,2020,2055,5,1,0,0,1,1,0,0,28000,0,0,0,30,0,0,,0,0,1,0
Existing_HY_MOZ,Mozambique,ReservoirHydro,Water,2000,2060,117,1,,,,,,0.406440138,,,0,0,50,,0,,0,0,0,0
ExistingCSP(CSP)_REN_ZAF,South_Africa,CSPPlant,CSP,2005,2045,300,1,0,0,1,1,0,0.8,22000,3,0,0,30,,0,,0,0,0,0
ExistingHydro1985_HY_ZAF,South_Africa,ReservoirHydro,Water,1985,2060,44.1,1,,,,,,0.185,,,0,0,50,,0,,0,0,0,0
ExistingHydro2015_HY_ZAF,South_Africa,ReservoirHydro,Water,2015,2060,19,1,,,,,,0.185,,,0,0,50,,0,,0,0,0,0
ExistingSmallHydro2000_HY_AGO,Angola,ReservoirHydro,Water,2000,2060,16,1,,,,,,0.121826136,,,0,0,50,,0,,0,0,0,0
ExistingSmallHydro2012_HY_AGO,Angola,ReservoirHydro,Water,2012,2060,135.4,1,,,,,,0.121826136,,,0,0,50,,0,,0,0,0,0
ExistingSolarPV(PV)_REN_ZAF,South_Africa,PV,Solar,2017,2060,2290,1,0,0,1,1,0,0,15000,0,0,0,25,,0,,0,0,1,0
ExistingWind_REN_ZAF,South_Africa,OnshoreWind,Wind,2015,2045,3442,1,0,0,1,1,0,0,22000,0,0,0,30,,0,,0,0,1,0
Ezulwini_HY_SWZ,Eswatini,ReservoirHydro,Water,2000,2060,20,1,,,,,,0.1,,,0,0,50,,0,,0,0,0,0
Francistown_TH_BWA,Botswana,ICE,HFO,2000,2026,73,1,,10.41544727,,,,,,,,0,,,0,,0,0,0,0
Gairezi_HY_ZWE,Zimbabwe,ReservoirHydro,Water,2020,2060,30,1,,,,,,0.275342466,,,0,0,50,0,0,,0,0,0,0
Gariep_HY_ZAF,South_Africa,ReservoirHydro,Water,1971,2060,360,1,,,,,,0.185,,,0,0,50,,0,,0,0,0,0
GasTurbine_TH_AGO,Angola,OCGT,Gas,2055,2105,2500,3,0.2,,,,,,,,,1.016815742,,500,0,7,9.7,0.05,0,0
GasTurbine_TH_LSO,Lesotho,OCGT,LNG,2027,2077,500,3,,,,,,,,,,1.016815742,,500,0,7,9.7,0.05,0,0
GasTurbine_TH_SWL,Eswatini,OCGT,LNG,2027,2077,500,3,,,,,,,,,,1.016815742,,400,0,7,9.7,0.05,0,0
GecaminesCoal(100)_TH_AGO,Lesotho,ST,Coal,2025,2070,0,3,,8.6,,,,,,,,2.466504472,,0,0,,0,0.05,0,0
GecaminesCoal(500)_TH_AGO,Angola,ST,Coal,2025,2075,0,3,,8.6,,,,,,,,2.466504472,,0,0,,0,0.1,0,0
GenericDieselCan_BWA,Botswana,ICE,HFO,2024,2054,500,3,,10.42,,,,,,,,0.933810376,,500,0,,0,0.06,0,0
GenericDieselCan_DRC,DRC,ICE,HFO,2024,2054,500,3,,10.42,,,,,,,,0.933810376,,500,0,,0,0.06,0,0
GenericDieselCan_LSO,Lesotho,ICE,HFO,2024,2054,200,3,,10.42,,,,,,,,0.933810376,,200,0,,0,0.06,0,0
GenericDieselCan_SWL,Eswatini,ICE,HFO,2024,2054,200,3,,10.42,,,,,,,,0.933810376,,200,0,,0,0.06,0,0
GenericDieselCan_TZA,Tanzania,ICE,HFO,2024,2054,0,3,,10.42,,,,,,,,0.933810376,,0,0,,0,0.06,0,0
GenericDieselCan_ZAF,South_Africa,ICE,HFO,2024,2054,2000,3,,10.42,,,,,,,,0.933810376,,2000,0,,0,0.06,0,0
GenericDieselCan_ZMB,Zambia,ICE,HFO,2026,2053,200,3,,10.42,,,,,,,,0.830053667,,100,0,,0,0.06,0,0
Genga_HY_AGO,Angola,ReservoirHydro,Water,2055,2060,900,3,,,,,,0.121826136,,,0,4.248837209,50,900,0,,0,0,0,0
GenTanzaniaCoastalCoal_TH_TZA,Tanzania,ST,Coal,2025,2075,0,3,,9.73,,,,,,,,2.186,,0,0,,0,0.05,0,0
Golomoti_BESS,Malawi,Storage,Battery,2022,2060,5,1,,,,,,,,,,0,,0,0,,0,0,0,0
Golomoti_PV_MWI,Malawi,PV,Solar,2022,2060,20,1,0,0,1,1,0,0,15000,0,0,0,25,0,0,,0,0,1,0
Gourikwa_TH_ZAF,South_Africa,OCGT,HFO,2007,2057,740,1,,9.39286647,,,,,,,,0,,,0,,0,0,0,0
Grootvlei_TH_ZAF,South_Africa,ST,Coal,1969,2030,570,1,,13.1,,,,,,,,0,,,0,,0,0.05,0,186.6666667
Hale,Tanzania,ReservoirHydro,Water,2025,2075,21,2,,,,,,0.142502136,,0.003,0,1,50,,0,,0,0,0,0
Hamilton_Falls_HY_MWI,Malawi,ReservoirHydro,Water,2055,2060,87,3,,,,,,0.325077306,,,0,3.536,50,87,0,,0,0,0,0
Harare1_TH_ZWE,Zimbabwe,ST,Coal,2000,2055,32,1,,11.373804,,,,,,,,0,,,0,,0,0.1,0,32
Harare2_TH_ZWE,Zimbabwe,ST,Coal,1970,2018,18,1,,11.373804,,,,,,,,0,,,0,,0,0.1,0,18
Harare3_TH_ZWE,Zimbabwe,ST,Coal,2000,2055,30,1,,11.373804,,,,,,,,0,,,0,,0,0.1,0,30
Hendrina_TH_ZAF,South_Africa,ST,Coal,1976,2030,1011,1,,13.8,,,,,,,,0,,,0,,0,0.05,0,163.8
Hwange3Extension_TH_ZWE,Zimbabwe,ST,Coal,2023,2073,600,1,,9.22225941,,,,,,,,0,,0,0,,0,0.05,0,300
HwangeI_TH_ZWE,Zimbabwe,ST,Coal,1987,2037,347,1,,11.373804,,,,,,,,0,,,0,,0,0.1,0,347
HwangeII_TH_ZWE,Zimbabwe,ST,Coal,2020,2070,320,1,,11.373804,,,,,,,,0,,,0,,0,0.1,0,320
IndolaHFO_TH_ZMB,Zambia,ICE,HFO,2020,2055,110,1,,9.748974861,,,,,,,,0,,0,0,,0,0,0,0
Inga1_HY_ZAR,DRC,ReservoirHydro,Water,1974,2060,351,1,,,,,,0.385,,,0,0,50,,0,,0,0,0,0
Inga2_HY_ZAR,DRC,ReservoirHydro,Water,1982,2060,1424,1,,,,,,0.435,,,0,0,50,,0,,0,0,0,0
Inga3BC_ext_HY_ZAR,DRC,ReservoirHydro,Water,2035,2085,2800,2,,,,,,0.45,,,0,2.805581395,50,1400,0,,0,0,0,0
Inga3BC_HY_ZAR,DRC,ReservoirHydro,Water,2032,2082,2000,2,,,,,,0.45,,,0,2.797488372,50,1000,0,,0,0,0,0
Ingula_HY_ZAF,South_Africa,Storage,Water,2017,2060,1324,1,,0,1,1,0,0.8,46500,0.55,0,0,50,0,0,,0,0,0,0
IPP_Luderitz_Wind_NAM,Namibia,OnshoreWind,Wind,2027,2057,50,2,0,0,1,1,0,0,28000,0,0,1.75,30,50,0,,0,0,1,0
Iringa_Ibosa,Tanzania,ReservoirHydro,Water,2028,2060,36,3,,,,,,0.295,,0.5,0,4.4434,50,36,0,,0,0,0,0
Iringa_Nginayo,Tanzania,ReservoirHydro,Water,2030,2060,52,3,,,,,,0.29,,0.5,0,3.1369,50,52,0,,0,0,0,0
ItheziThezi_HY_ZMB,Zambia,ReservoirHydro,Water,2016,2060,120,1,,,,,,0.290144597,,,0,0,50,,0,,0,0,0,0
JambaMina_HY_AGO,Angola,ReservoirHydro,Water,2055,2060,180,3,,,,,,0.121826136,,,0,4.248837209,50,180,0,,0,0,0,0
JambaOma_HY_AGO,Angola,ReservoirHydro,Water,2055,2060,75,3,,,,,,0.121826136,,,0,4.248837209,50,75,0,,0,0,0,0
JNHPP_1,Tanzania,ReservoirHydro,Water,2024,2060,940,2,,,,,,0.25,1640,0.5,,1.348,,940,0,,0,0,0,0
JNHPP_2,Tanzania,ReservoirHydro,Water,2025,2060,1175,2,,,,,,0.25,1640,0.5,,1.348,,1175,0,,0,0,0,0
JohannesburgLandfillGas_TH_ZAF,South_Africa,OCGT,Gas,2000,2050,18,1,0.2,10,0.33,0.33,,,,,,0,,,0,7,10.7,0.2,0,18
KafueGorge_HY_ZMB,Zambia,ReservoirHydro,Water,1977,2060,990,1,,,,,,0.345925003,,,0,0,50,,0,,0,0,0,0
KafueGorgeLower_HY_ZMB,Zambia,ReservoirHydro,Water,2021,2060,750,1,,,,,,0.345925003,,,0,0,50,0,0,,0,0,0,0
Kakono,Tanzania,ReservoirHydro,Water,2030,2060,80,3,,,,,,0.375,,,0,4.1899,50,80,0,,0,0,0,0
KalungwishiI_HY_ZMB,Zambia,ReservoirHydro,Water,2030,2060,101,3,,,,,,0.278070484,,,0,4.248837209,50,101,0,,0,0,0,0
Kam'mwamba_C_MWI,Malawi,ST,Coal,2055,2060,0,3,,9.853126851,,,,,,,,2.84,,0,0,,0,0.05,0,0
Kanengo,Malawi,ICE,Diesel,2000,2060,15.5,1,,,,,,,,,0,0,,0,0,,0,0,0,0
Kapichira_HY_MWI,Malawi,ReservoirHydro,Water,2013,2060,64.8,1,,,,,,0.325,,,,0,,0,0,,0,0,0,0
Kapichira_parts_HY_MWI,Malawi,ReservoirHydro,Water,2013,2060,64.8,1,,,,,,0.325,,,,0,,0,0,,0,0,0,0
KaribaNB_HY_ZMB,Zambia,ReservoirHydro,Water,1976,2060,720,1,,,,,,0.252621343,,,0,0,50,,0,,0,0,0,0
KaribaNBE_HY_ZMB,Zambia,ReservoirHydro,Water,2015,2060,360,1,,,,,,0.252621343,,,0,0,50,,0,,0,0,0,0
KaribaSouth1_HY_ZWE,Zimbabwe,ReservoirHydro,Water,1962,2060,750,1,,,,,,0.275342466,,,0,0,50,,0,,0,0,0,0
KaribaSouthExtension_HY_ZWE,Zimbabwe,ReservoirHydro,Water,2017,2060,300,1,,,,,,0.275342466,,,0,0,50,0,0,,0,0,0,0
Karpower_TH_MOZ,Mozambique,ICE,HFO,2000,2050,47,1,,13.62126767,,,,,,,,0,,,0,,0,0,0,0
Kasitu_GT_MWI,Malawi,ST,Geothermal,2055,2060,4.9,3,0,0,1,1,0,0.2,15000,2.538071066,0,9.95,30,4.9,0,,0,0,0,0
KelvinA_TH_ZAF,South_Africa,ST,Coal,1957,2012,180,1,,14.8,,,,,,,,0,,,0,,0,0.05,0,180
KelvinB_TH_ZAF,South_Africa,ST,Coal,1964,2026,420,1,,14.3,,,,,,,,0,,,0,,0,0.05,0,420
Kendal_TH_ZAF,South_Africa,ST,Coal,1985,2042,3840,1,,11.3,,,,,,,,0,,,0,,0,0.05,0,640
Khan_PV_NAM,Namibia,PV,Solar,2025,2060,25,2,0,0,1,1,0,0,15000,0,0,0.8,25,20,0,,0,0,1,0
Kholombizo_HY_MWI,Malawi,ReservoirHydro,Water,2055,2060,213,3,,,,,,0.325077306,,,,3.445,,213,0,,0,0,0,0
Kidatu,Tanzania,ReservoirHydro,Water,1975,2055,204,1,,,,,,0.249969645,1600,0.5,,0,,,0,,0,0,0,0
Kidunda,Tanzania,ReservoirHydro,Water,2028,2060,20,3,,,,,,0.25,16910,0.003,0,5.2,50,20,0,,0,0,0,0
Kiejo_Mbaka_I,Tanzania,ST,Geothermal,2030,2055,60,3,0,0,0.3,0.3,0,0.2,128400,0.0012,0,3.5,30,60,0,,0,0,0,0
Kiejo_Mbaka_II,Tanzania,ST,Geothermal,2030,2055,20,3,0,0,0.3,0.3,0,0.2,128400,0.0012,0,3.5,30,20,0,,0,0,0,0
Kihansi,Tanzania,ReservoirHydro,Water,2000,2060,180,1,,,,,,0.220125362,2300,0.003,0,0,50,,0,,0,0,0,0
Kikonge,Tanzania,ReservoirHydro,Water,2032,2060,300,3,,,,,,0.215276497,1640,0.5,,3.211,,300,0,,0,0,0,0
Kilubi_HY_ZAR,DRC_South,ReservoirHydro,Water,1954,2060,10.8,1,,,,,,0.27,,,0,0,50,,0,,0,0,0,0
Kinyerezi_I,Tanzania,OCGT,Gas,2015,2035,135,1,0.2,,0.2,0.2,,,,,,0,,,0,,0,0.05,0,0
Kinyerezi_I_Ext,Tanzania,OCGT,Gas,2022,2047,185,1,0.2,,0.2,0.2,,,,,,0,,0,0,,0,0.05,0,0
Kinyerezi_II,Tanzania,CCGT,Gas,2018,2043,230,1,,,0.1,0.1,,,,,0,0,,0,0,,0,0.05,0,0
Kinyerezi_IV,Tanzania,CCGT,Gas,2029,2079,330,3,,,0.1,0.1,,,,,0,1.213,,330,0,,0,0.05,0,0
Kinyezeri_III_PH_I,Tanzania,OCGT,Gas,2026,2076,300,3,0.2,,0.2,0.2,,,,,,1.124,,300,0,,0,0.05,0,0
Kinyezeri_III_PH_II,Tanzania,CCGT,Gas,2028,2078,300,3,,,0.1,0.1,,,,,0,1.124,,300,0,,0,0.05,0,0
Kisaki,Tanzania,ST,Geothermal,2036,2061,300,3,0,0,0.3,0.3,0,0.2,128400,0.0012,0,3.5,30,100,0,,0,0,0,0
Kishapu_I,Tanzania,PV,Solar,2025,2050,50,2,0,0,1,1,0,0,14000,0,0,0.9,25,50,0,,0,0,1,0
Kishapu_II,Tanzania,PV,Solar,2026,2051,50,2,0,0,1,1,0,0,14000,0,0,0.9,25,50,0,,0,0,1,0
Kishapu_III,Tanzania,PV,Solar,2027,2052,50,2,0,0,1,1,0,0,14000,0,0,0.9,25,50,0,,0,0,1,0
Kiwaba_Nzogi,Angola,OnshoreWind,Wind,2026,2056,104,3,0,0,1,1,0,0,28000,0,0,1.6,30,104,0,,0,0,1,0
Koeberg_NU_ZAF,South_Africa,ST,Uranium,1985,2045,1800,1,0.7,10.53119469,0.1,0.1,0,0,100000,2.3,0,0,50,,0,,0,0.6,0,1800
KomatiI_TH_ZAF,South_Africa,ST,Coal,1966,2022,500,1,,11.31,,,,,,,,0,,,0,,0,0.05,0,500
KomatiII_TH_ZAF,South_Africa,ST,Coal,1966,2022,500,1,,11.31,,,,,,,,0,,,0,,0,0.05,0,500
Koni_HY_ZAR,DRC_South,ReservoirHydro,Water,1950,2060,42.12,1,,,,,,0.39,,,0,0,50,,0,,0,0,0,0
Kriel_TH_ZAF,South_Africa,ST,Coal,1979,2032,2640,1,,13.9,,,,,,,,0,,,0,,0,0.05,0,950
Kusile_I_TH_ZAF,South_Africa,ST,Coal,2020,2070,1440,1,,11.8,,,,,,,,0,,0,0,,0,0.05,0,800
Kusile_II_TH_ZAF,South_Africa,ST,Coal,2023,2073,1440,1,,11.8,,,,,,,,0,,0,0,,0,0.05,0,800
Kusile_III_TH_ZAF,South_Africa,ST,Coal,2024,2074,1440,2,,11.8,,,,,,,,4.073488372,,800,0,,0,0.05,0,800
Kuvaninga_TH_MOZ,Mozambique,OCGT,Gas,2017,2067,40.1,1,0.2,10.41544727,,,,,,,,0,,0,0,7,11.11544727,0.5,0,0
LesothoLetsengWind_REN_LSO,Lesotho,OnshoreWind,Wind,2025,2055,35,3,0,0,1,1,0,0,22000,0,0,1.806,30,35,0,,0,0,1,0
LesothoSolar_REN_LSO,Lesotho,PV,Solar,2023,2060,28,1,0,0,1,1,0,0,15000,0,0,0,25,0,0,,0,0,1,0
Lethabo_TH_ZAF,South_Africa,ST,Coal,1990,2038,3558,1,,11.06,,,,,,,,0,,,0,,0,0.05,0,593
Li-ion_storage_A_MWI,Malawi,Storage,Battery,2025,2060,20,2,,,,,,,,,,0.28,,20,0,,0,0,0,0
Li-ion_storage_C_MWI,Malawi,Storage,Battery,2030,2060,0,3,,,,,,,,,,0.28,,0,0,,0,0,0,0
Lilongwe,Malawi,ICE,Diesel,2000,2060,5.4,1,,,,,,,,,0,0,,0,0,,0,0,0,0
Lithops_BESS_NAM,Namibia,Storage,Battery,2026,2055,45,2,,,,,,,,,,,,45,0,,0,0,0,0
LobitoI_TH_AGO,Angola,CCGT,Gas,2030,2082,750,3,,,,,,,,,0,1.245080501,,750,0,7,7.1,0.05,0,0
LobitoII_TH_AGO,Angola,CCGT,Gas,2055,2082,750,3,,,,,,,,,0,1.245080501,,750,0,7,7.1,0.05,0,0
LobitoIII_TH_AGO,Angola,CCGT,Gas,2055,2082,375,3,,,,,,,,,0,1.245080501,,375,0,7,7.1,0.05,0,0
Lomaum2_HY_AGO,Angola,ReservoirHydro,Water,2055,2060,160,3,,,,,,0.121826136,,,0,4.248837209,50,160,0,,0,0,0,0
Lower_Fufu_HY_MWI,Malawi,ReservoirHydro,Water,2055,2060,261,3,,,,,,0.325077306,,,,3.445,,261,0,,0,0,0,0
Lower_Songwe_HY_MWI,Malawi,ReservoirHydro,Water,2055,2060,90,3,,,,,,0.325077306,,,,3.445,,90,0,,0,0,0,0
LowerMaguduza_HY_SWZ,Eswatini,ReservoirHydro,Water,2027,2060,13.5,3,,,,,,0.1835,,,0,4.248837209,50,13.5,0,,0,0,0,0
LuandaOCGT_TH_AGO,Angola,OCGT,Gas,1980,2019,125,1,0.2,13.62126767,,,,,,,,0,,,0,7,14.32126767,0.25,0,0
Lubhuku_TH_SWZ,Eswatini,ST,Coal,2039,2089,0,3,,8.6,,,,,,,,2.466504472,,0,0,,0,0.05,0,0
LubumbashiSolar_REN_ZAR,DRC_South,PV,Solar,2025,2060,100,2,0,0,1,1,0,0,15000,0,0,0.8,25,100,0,,0,0,1,0
Luchenene_HY_ZMB,Zambia,ReservoirHydro,Water,2030,2060,30,3,,,,,,0.278070484,,,0,4.248837209,50,30,0,,0,0,0,0
LuisCabral_TH_MOZ,Mozambique,OCGT,HFO,2000,2050,50,1,,13.62126767,,,,,,,,0,,,0,,0,0,0,0
Lunsemfwa+Mulungushi_HY_ZMB,Zambia,ReservoirHydro,Water,1982,2060,56,1,,,,,,0.278070484,,,0,0,50,,0,,0,0,0,0
Lunzua_HY_ZMB,Zambia,ReservoirHydro,Water,2000,2060,14.8,1,,,,,,0.1175,,,0,0,50,,0,,0,0,0,0
Lupata_HY_MOZ,Mozambique,ReservoirHydro,Water,2032,2060,650,3,,,,,,0.406440138,,,0,4.248837209,50,650,0,,0,0,0,0
Lurio_HY_MOZ,Mozambique,ReservoirHydro,Water,2027,2060,0,3,,,,,,0.406440138,,,0,4.248837209,50,0,0,,0,0,0,0
Lusiwasi_HY_ZMB,Zambia,ReservoirHydro,Water,1967,2021,12,1,,,,,,0.079895463,,,0,0,50,,0,,0,0,0,0
LusiwasiLower_HY_ZMB,Zambia,ReservoirHydro,Water,2028,2060,86,3,,,,,,0.079875,,,0,5.945134884,50,86,0,,0,0,0,0
LusiwasiLowerExts_HY_ZMB,Zambia,ReservoirHydro,Water,2030,2060,84,3,,,,,,0.079875,,,0,4.248837209,50,84,0,,0,0,0,0
LusiwasiUpper_HY_ZMB,Zambia,ReservoirHydro,Water,2017,2060,15,1,,,,,,0.079875,,,0,0,50,,0,,0,0,0,0
MaambaCoalI_TH_ZMB,Zambia,ST,Coal,2016,2066,300,1,,9.221311593,,,,,,,,0,,,0,,0,0.1,0,300
MaambaCoalII_TH_ZMB,Zambia,ST,Coal,2028,2078,0,3,,8.6,,,,,,,,2.466504472,,0,0,,0,0.05,0,0
Maguduza_HY_SWZ,Eswatini,ReservoirHydro,Water,2000,2060,5.6,1,,,,,,0.1835,,,0,0,50,,0,,0,0,0,0
Maguga_HY_SWZ,Eswatini,ReservoirHydro,Water,2000,2060,19.8,1,,,,,,0.1755,,,0,0,50,,0,,0,0,0,0
MagugaII_HY_SWZ,Eswatini,ReservoirHydro,Water,2027,2060,23,3,,,,,,0.2135,,,0,4.248837209,50,23,0,,0,0,0,0
MajubaI_TH_ZAF,South_Africa,ST,Coal,1990,2051,1865.4,1,,12.7,,,,,,,,0,,,0,,0,0.05,0,621.8
MajubaII_TH_ZAF,South_Africa,ST,Coal,1985,2051,2008.5,1,,12.7,,,,,,,,0,,,0,,0,0.05,0,669.5
Malagarasi,Tanzania,ReservoirHydro,Water,2028,2060,49.5,3,,,,,,0.215276497,4090,0.5,0,2.88,50,49.5,0,,0,0,0,0
MambilimbaFallsI_HY_ZMB,Zambia,ReservoirHydro,Water,2030,2060,124,3,,,,,,0.278070484,,,0,4.248837209,50,124,0,,0,0,0,0
Mapanga_ICE_MWI,Malawi,ICE,Diesel,2000,2060,16,1,,,,,,,,,0,0,,0,0,,0,0,0,0
Maragra_biomass_MOZ,Mozambique,ST,Biomass,2000,2055,1,1,,10.425987,,,,0.8,48000,,,0,,0,0,,0,0,0,1
Masigira,Tanzania,ReservoirHydro,Water,2030,2060,118,3,,,,,,0.29,4090,0.5,0,2.8782,50,118,0,,0,0,0,0
Massingir_HY_MOZ,Mozambique,ReservoirHydro,Water,2024,2060,0,3,,,,,,0.406440138,,,0,4.248837209,50,0,0,,0,0,0,0
Matimba_TH_ZAF,South_Africa,ST,Coal,1987,2039,3690,1,,11.4,,,,,,,,0,,,0,,0,0.05,0,615
Matla_TH_ZAF,South_Africa,ST,Coal,1979,2031,3450,1,,11.3,,,,,,,,0,,,0,,0,0.05,0,575
Mbongozi_HY_MWI,Malawi,ReservoirHydro,Water,2055,2060,41,3,,,,,,0.325077306,,,0,3.536,50,41,0,,0,0,0,0
MCT_Morro_Bento,Angola,ICE,Diesel,2012,2062,25,1,0.2,13.62126767,1,1,0,0.2,17000,4,0,0,30,,0,,0,0,0,0
Medupi_TH_ZAF,South_Africa,ST,Coal,2015,2065,4356,1,,9.21,,,,,,,,0,,0,0,,0,0.05,0,800
MetoroSolarPV_REN_MOZ,Mozambique,PV,Solar,2023,2060,41,1,0,0,1,1,0,0,15000,0,0,0,25,0,0,,0,0,1,0
Mkuranga,Tanzania,CCGT,Gas,2028,2078,300,3,,,0.1,0.1,,,,,0,1.213,,300,0,,0,0.05,0,0
MkuzeBiomass_BIO_ZAF,South_Africa,ST,Biomass,2000,2055,16.5,1,,10,0.33,0.33,,0.8,48000,,,0,,,0,,0,0,0,16.5
Mnyera_Kisingo,Tanzania,ReservoirHydro,Water,2030,2060,120,3,,,,,,0.275,2250,0.003,0,3.4073,50,120,0,,0,0,0,0
Mnyera_Kwanini,Tanzania,ReservoirHydro,Water,2030,2060,144,3,,,,,,0.275,2250,0.003,0,1.4833,50,144,0,,0,0,0,0
Mnyera_Mnyera,Tanzania,ReservoirHydro,Water,2030,2060,137,3,,,,,,0.275,2250,0.003,0,2.6013,50,137,0,,0,0,0,0
Mnyera_Pumbwe,Tanzania,ReservoirHydro,Water,2030,2060,123,3,,,,,,0.275,2250,0.003,0,2.3179,50,123,0,,0,0,0,0
Mnyera_Ruaha,Tanzania,ReservoirHydro,Water,2030,2060,60,3,,,,,,0.275,3380,0.003,,5.5263,,60,0,,0,0,0,0
Mnyera_Taveta,Tanzania,ReservoirHydro,Water,2030,2060,84,3,,,,,,0.34,3380,0.003,0,1.8447,50,84,0,,0,0,0,0
MoambaMajor_HY_MOZ,Mozambique,ReservoirHydro,Water,2024,2060,0,3,,,,,,0.406440138,,,0,4.248837209,50,0,0,,0,0,0,0
MobayiMbongo_HY_ZAR,DRC,ReservoirHydro,Water,1990,2060,11.36,1,,,,,,0.215,,,0,0,50,,0,,0,0,0,0
MocubaSolarPV_REN_MOZ,Mozambique,PV,Solar,2019,2060,30,1,0,0,1,1,0,0,15000,0,0,0,25,0,0,,0,0,1,0
Monont'sa_HY_LSO,Lesotho,Storage,Water,2030,2060,1200,3,0,0,1,1,0,0.8,46500,0.55,0,6.821744186,50,1200,0,,0,0,0,0
MorupuleA_TH_BWA,Botswana,ST,Coal,1989,2026,132,1,,11.373804,,,,,,,,0,,,0,,0,0.1,0,132
MorupuleB_TH_BWA,Botswana,ST,Coal,2012,2055,390,1,,10.34068347,,,,,,,,0,,,0,,0,0.1,0,390
MorupuleBupgrade_TH_BWA,Botswana,ST,Coal,2022,2052,130,1,,10.34068347,,,,,,,,0,,,0,,0,0.05,0,130
Mota_Engil_C_MWI,Malawi,ST,Coal,2055,2060,0,3,,9.853126851,,,,,,,,2.84,,0,0,,0,0.05,0,0
MozCahoraBassaNorte_HY_MOZ,Mozambique,ReservoirHydro,Water,2030,2060,0,3,,,,,,0.4,,,0,2.568140002,50,1245,0,,0,0,0,0
MozCCCGTNG_TH_MOZ,Mozambique,CCGT,LNG,2026,2080,5000,3,,,,,,,,,,1.245080501,,500,0,7,7.1,0.05,0,0
MozCEnginesNG_TH_MOZ,Mozambique,OCGT,Gas,2026,2076,5000,3,0.2,,,,,,,,,1.016815742,,500,0,7,9.7,0.05,0,0
MozCoal_TH_MOZ,Mozambique,ST,Coal,2025,2075,0,3,,8.6,,,,,,,,2.466504472,,0,0,,0,0.05,0,0
MozENRC_TH_MOZ,Mozambique,ST,Coal,2025,2075,0,3,,8.6,,,,,,,,2.466504472,,0,0,,0,0.05,0,0
MozMGTPEDMSasolCTTemane_TH_MOZ,Mozambique,CCGT,LNG,2026,2076,400,3,,,,,,,,,,1.245080501,,400,0,7,7.1,0.05,0,0
MozMGTPEDMSasolGT_TH_MOZ,Mozambique,CCGT,Gas,2024,2074,420,2,,9,,,,,,,0,1.25,,420,0,7,9.7,0.05,0,0
MozNCCGTNG_TH_MOZ,Mozambique,CCGT,LNG,2026,2075,5000,3,,,,,,,,,,1.245080501,,500,0,7,7.1,0.05,0,0
MozNEnginesNG_TH_MOZ,Mozambique,ICE,HFO,2024,2054,250,3,,10.41544727,,,,,,,,0.933810376,,250,0,,0,0.06,0,0
MozSEnginesNG_TH_MOZ,Mozambique,ICE,HFO,2024,2054,0,3,,10.41544727,,,,,,,,0.933810376,,0,0,,0,0.06,0,0
Mpanga,Tanzania,ReservoirHydro,Water,2030,2060,160,3,,,,,,0.285,1640,0.5,,2.4258,,160,0,,0,0,0,0
Mpatamanga_Opt,Malawi,ReservoirHydro,Water,2030,2060,358.5,2,,,,,,0.325077306,,,0,2.79,50,358.5,0,,0,0,0,0
MphandaNkuwa_HY_MOZ,Mozambique,ReservoirHydro,Water,2031,2060,1500,3,,,,,,0.406440138,,,0,4.436550388,50,1500,0,,0,0,0,0
Mtera,Tanzania,ReservoirHydro,Water,1988,2060,80,1,,,,,,0.246315531,4100,0.5,,0,,,0,,0,0,0,0
Mtwara,Tanzania,OCGT,Gas,2018,2035,19,1,0.2,,0.3,0.3,,,,,,0,,,0,,0,0.05,0,0
Mtwara_I,Tanzania,CCGT,Gas,2028,2078,300,3,,,0.1,0.1,,,,,0,1.213,,300,0,,0,0.05,0,0
Mtwara_II,Tanzania,CCGT,Gas,2029,2079,300,3,,,0.1,0.1,,,,,0,1.213,,300,0,,0,0.05,0,0
Muanda_TH_ZAR,DRC,ICE,HFO,2000,2050,4.8,1,,9.990938997,,,,,,,,0,,,0,,0,0,0,0
Muela_HY_LSO,Lesotho,ReservoirHydro,Water,2000,2060,74,1,,,,,,0.396,,,0,0,50,,0,,0,0,0,0
Muela2_HY_LSO,Lesotho,ReservoirHydro,Water,2037,2060,110,3,,,,,,0.396,,,0,4.248837209,50,110,0,,0,0,0,0
Mulanje_Ruo_Ndiza,Malawi,ReservoirHydro,Water,2020,2060,9.8,1,,,,,,0.325077306,,,0,0,50,0,0,,0,0,0,0
MumbotutaFalls_HY_ZMB,Zambia,ReservoirHydro,Water,2030,2060,301,3,,,,,,0.278070484,,,0,4.248837209,50,301,0,,0,0,0,0
Munyati_TH_ZWE,Zimbabwe,ST,Coal,1957,2007,100,1,,11.373804,,,,,,,,0,,,0,,0,0.1,0,100
MupataGorgeNorth_HY_ZMB,Zambia,ReservoirHydro,Water,2030,2060,600,3,,,,,,0.278070484,,,0,4.248837209,50,600,0,,0,0,0,0
MupataGorgeSouth_HY_ZWE,Zimbabwe,ReservoirHydro,Water,2030,2060,600,3,,,,,,0.275342466,,,0,4.251,50,600,0,,0,0,0,0
MusondaFalls_HY_ZMB,Zambia,ReservoirHydro,Water,1972,2060,10,1,,,,,,0.180625,,,0,0,50,,0,,0,0,0,0
Mwadingusha_HY_ZAR,DRC_South,ReservoirHydro,Water,1954,2060,67.8,1,,,,,,0.44,,,0,0,50,,0,,0,0,0,0
Mwenga_HY_TZA,Tanzania,ReservoirHydro,Water,2012,2060,3,1,,,,,,0.243835605,2300,0.5,0,0,50,,0,,0,0,0,0
Mzimba_I_WIND_MWI,Malawi,OnshoreWind,Wind,2030,2055,0,3,0,0,1,1,0,0,28000,0,0,1.6,30,50,0,,0,0,1,0
Mzimba_II_WIND_MWI,Malawi,OnshoreWind,Wind,2032,2062,0,3,0,0,1,1,0,0,28000,0,0,1.6,30,0,0,,0,0,1,0
Mzuzu_Luwinga_ICE_MWI,Malawi,ICE,Diesel,2000,2060,4.5,1,,,,,,,,,0,0,,0,0,,0,0,0,0
NacalaJICA_TH_MOZ,Mozambique,ICE,HFO,2021,2071,40,1,,10.425987,,,,,,,,0,,0,0,,0,0,0,40
Namibe_TH_AGO,Angola,CCGT,Gas,2030,2082,750,3,,,,,,,,,0,1.245080501,,750,0,7,7.1,0.05,0,0
NamibiaCCGTNG_TH_NAM,Namibia,CCGT,LNG,2026,2076,4000,3,,,,,,,,,,1.245080501,,500,0,7,7.1,0.05,0,0
NamibiaCoal_TH_NAM,Namibia,ST,Coal,2035,2085,0,3,,8.6,,,,,,,,2.466504472,,0,0,,0,0.05,0,0
NamibiaOCGTNG_TH_NAM,Namibia,OCGT,LNG,2026,2076,2000,3,,,,,,,,,,1.016815742,,400,0,7,9.7,0.05,0,0
NamPowerWindFarm_2031,Namibia,OnshoreWind,Wind,2032,2062,4000,3,0,0,1,1,0,0,28000,0,0,1.6,30,150,0,,0,0,1,0
Natron,Tanzania,ST,Geothermal,2030,2055,60,3,0,0,0.3,0.3,0,0.2,128400,0.0012,0,3.5,30,60,0,,0,0,0,0
Ncondezi_TH_MOZ,Mozambique,ST,Coal,2026,2076,0,3,,8.6,,,,,,,,2.466504472,,0,0,,0,0.05,0,0
Near_Salima_Nanjoka_LNG_MWI,Malawi,OCGT,Gas,2055,2060,73,3,0.2,10.42,,,,,,,,0.9,,73,0,,0,0.05,0,0
New_CBM_Bot_gas_2031,Botswana,CCGT,Gas,2027,2060,100,3,,,,,,,,,0,2.925939177,,100,0,,0,0.05,0,100
New_Coal_1_BWA,Botswana,ST,Coal,2030,2060,300,3,,8.6,,,,,,,,2.466504472,,300,0,,0,0.05,0,300
New_Coal_2_BWA,Botswana,ST,Coal,2032,2060,300,3,,8.6,,,,,,,,2.466504472,,300,0,,0,0.05,0,300
New_CSP_AGO,Angola,CSPPlant,CSP,2024,2050,0,3,0,0,1,1,0,0.8,22000,3,0,1.8,30,500,0,,0,0,0,0
New_CSP_BWA,Botswana,CSPPlant,CSP,2030,2060,8000,3,0,0,1,1,0,0.8,22000,3,0,1.915,30,500,0,,0,0,0,0
New_CSP_LSO,Lesotho,CSPPlant,CSP,2024,2050,0,3,0,0,1,1,0,0.8,22000,3,0,1.8,30,50,0,,0,0,0,0
New_CSP_NAM,Namibia,CSPPlant,CSP,2027,2060,250,3,0,0,1,1,0,0.8,22000,3,0,1.85,30,250,0,,0,0,0,0
New_CSP_SWZ,Eswatini,CSPPlant,CSP,2024,2050,0,3,0,0,1,1,0,0.8,22000,3,0,1.8,30,100,0,,0,0,0,0
New_CSP_TZA,Tanzania,CSPPlant,CSP,2024,2050,0,3,0,0,1,1,0,0.8,22000,3,0,1.8,30,500,0,,0,0,0,0
New_CSP_ZAF,South_Africa,CSPPlant,CSP,2030,2060,20000,3,0,0,1,1,0,0.8,22000,3,0,1.865,30,2000,0,,0,0,0,0
New_CSP_ZAF_2024,South_Africa,CSPPlant,CSP,2024,2054,100,2,0,0,1,1,0,0.8,22000,3,0,1.865,30,100,0,,0,0,0,0
New_CSP_ZMB,Zambia,CSPPlant,CSP,2024,2055,0,3,0,0,1,1,0,0.8,22000,3,0,1.8,30,500,0,,0,0,0,0
New_OffshoreWind_AGO,Angola,OffshoreWind,Wind,2030,2060,8000,3,0,0,1,1,0,0,70000,0,0,3.3,30,600,0,,0,0,1,0
New_OffshoreWind_MOZ,Mozambique,OffshoreWind,Wind,2030,2060,8000,3,0,0,1,1,0,0,70000,0,0,3.2,30,600,0,,0,0,1,0
New_OffshoreWind_NAM,Namibia,OffshoreWind,Wind,2030,2060,8000,3,0,0,1,1,0,0,70000,0,0,3.3,30,600,0,,0,0,1,0
New_OffshoreWind_TZA,Tanzania,OffshoreWind,Wind,2035,2060,8000,3,0,0,1,1,0,0,70000,0,0,3.3,30,600,0,,0,0,1,0
New_OffshoreWind_ZAF,South_Africa,OffshoreWind,Wind,2030,2060,20200,3,0,0,1,1,0,0,70000,0,0,3.4,30,1515,0,,0,0,1,0
New_OnshoreWind_AGO,Angola,OnshoreWind,Wind,2026,2060,8000,3,0,0,1,1,0,0,28000,0,0,1.6,30,600,0,,0,0,1,0
New_OnshoreWind_BWA,Botswana,OnshoreWind,Wind,2026,2061,500,3,0,0,1,1,0,0,28000,0,0,1.6,30,300,0,,0,0,1,0
New_OnshoreWind_DRC,DRC,OnshoreWind,Wind,2026,2056,4000,3,0,0,1,1,0,0,28000,0,0,1.6,30,300,0,,0,0,1,0
New_OnshoreWind_DRCSouth,DRC_South,OnshoreWind,Wind,2026,2056,4000,3,0,0,1,1,0,0,28000,0,0,1.6,30,300,0,,0,0,1,0
New_OnshoreWind_LSO,Lesotho,OnshoreWind,Wind,2026,2056,500,3,0,0,1,1,0,0,28000,0,0,1.6,30,300,0,,0,0,1,0
New_OnshoreWind_MOZ,Mozambique,OnshoreWind,Wind,2026,2056,8000,3,0,0,1,1,0,0,28000,0,0,1.6,30,600,0,,0,0,1,0
New_OnshoreWind_NAM,Namibia,OnshoreWind,Wind,2026,2058,8000,3,0,0,1,1,0,0,28000,0,0,1.6,30,100,0,,0,0,1,0
New_OnshoreWind_SWZ,Eswatini,OnshoreWind,Wind,2026,2060,1000,3,0,0,1,1,0,0,28000,0,0,1.6,30,300,0,,0,0,1,0
New_OnshoreWind_ZAF,South_Africa,OnshoreWind,Wind,2026,2056,40000,3,0,0,1,1,0,0,28000,0,0,1.6,30,1000,0,,0,0,1,0
New_OnshoreWind_ZMB,Zambia,OnshoreWind,Wind,2026,2061,5000,3,0,0,1,1,0,0,28000,0,0,1.6,30,375,0,,0,0,1,0
New_OnshoreWind_ZWE,Zimbabwe,OnshoreWind,Wind,2026,2058,8000,3,0,0,1,1,0,0,28000,0,0,1.6,30,375,0,,0,0,1,0
New_Pangani_Falls,Tanzania,ReservoirHydro,Water,1995,2060,68,1,,,,,,0.210540475,3400,0.003,0,0,50,,0,,0,0,0,0
New_PV_AGO,Angola,PV,Solar,2026,2060,8000,3,0,0,1,1,0,0,15000,0,0,0.8,25,600,0,,0,0,1,0
New_PV_BWA,Botswana,PV,Solar,2026,2060,8000,3,0,0,1,1,0,0,15000,0,0,0.8,25,600,0,,0,0,1,0
New_PV_DRC,DRC,PV,Solar,2026,2060,4000,3,0,0,1,1,0,0,15000,0,0,0.8,25,300,0,,0,0,1,0
New_PV_DRCSouth,DRC_South,PV,Solar,2026,2060,4000,3,0,0,1,1,0,0,15000,0,0,0.8,25,300,0,,0,0,1,0
New_PV_LSO,Lesotho,PV,Solar,2026,2060,500,3,0,0,1,1,0,0,15000,0,0,0.8,25,600,0,,0,0,1,0
New_PV_MOZ,Mozambique,PV,Solar,2026,2060,8000,3,0,0,1,1,0,0,15000,0,0,0.8,25,600,0,,0,0,1,0
New_PV_NAM,Namibia,PV,Solar,2026,2060,8000,3,0,0,1,1,0,0,15000,0,0,0.8,25,100,0,,0,0,1,0
New_PV_SWZ,Eswatini,PV,Solar,2026,2060,1000,3,0,0,1,1,0,0,15000,0,0,0.8,25,75,0,,0,0,1,0
New_PV_ZAF,South_Africa,PV,Solar,2026,2060,30000,3,0,0,1,1,0,0,15000,0,0,0.8,25,1000,0,,0,0,1,0
New_PV_ZMB,Zambia,PV,Solar,2026,2060,8000,3,0,0,1,1,0,0,15000,0,0,0.8,25,600,0,,0,0,1,0
New_PV_ZWE,Zimbabwe,PV,Solar,2026,2060,8000,3,0,0,1,1,0,0,15000,0,0,0.8,25,600,0,,0,0,1,0
NewCCGTNG_TH_AGO,Angola,CCGT,LNG,2055,2105,0,3,,,,,,,,,,1.245080501,,0,0,7,7.1,0.05,0,0
NewCCGTNG_TH_LSO,Lesotho,CCGT,LNG,2027,2074,500,3,,,,,,,,,,1.17732737,,500,0,7,7.1,0.05,0,0
NewCCGTNG_TH_SWZ,Eswatini,CCGT,LNG,2027,2077,500,3,,,,,,,,,,1.245080501,,500,0,7,7.1,0.05,0,0
NEWSto_BWA,Botswana,Storage,Battery,2026,2055,50,3,,,,,,,,,,,,50,0,,0,0,0,0
NgodwanaEnergyProject_BIO_ZAF,South_Africa,ST,Biomass,2000,2055,25,1,,10,0.33,0.33,,0.8,48000,,,0,,,0,,0,0,0,25
Ngozi_I,Tanzania,ST,Geothermal,2030,2055,30,3,0,0,0.3,0.3,0,0.2,128400,0.0012,0,3.5,30,30,0,,0,0,0,0
Ngozi_II,Tanzania,ST,Geothermal,2030,2055,30,3,0,0,0.3,0.3,0,0.2,128400,0.0012,0,3.5,30,30,0,,0,0,0,0
"Nkula_(A,B)_+_upgrade_HY_MWI",Malawi,ReservoirHydro,Water,2000,2060,136,1,,,,,,0.325077306,,,,0,,0,0,,0,0,0,0
Nseke_HY_ZAR,DRC_South,ReservoirHydro,Water,1957,2060,260,1,,,,,,0.41,,,0,0,50,,0,,0,0,0,0
Nyakato,Tanzania,ICE,HFO,2013,2032,60,1,,10.8,0.3,0.3,,,13300,4.5,,0,,,0,,0,0,0,0
Nyumba_Ya_Mungu,Tanzania,ReservoirHydro,Water,1968,2018,8,1,,,,,,0.193646727,15800,0.5,,0,,,0,,0,0,0,0
Nzilo_HY_ZAR,DRC_South,ReservoirHydro,Water,1954,2060,108,1,,,,,,0.31,,,0,0,50,,0,,0,0,0,0
Nzongo_HY_ZAR,DRC,ReservoirHydro,Water,1965,2060,75,1,,,,,,0.435,,,0,0,50,,0,,0,0,0,0
NzongoII_HY_ZAR,DRC,ReservoirHydro,Water,2022,2060,150,1,,,,,,0.435,,,0,0,50,0,0,,0,0,0,0
Nzoro_HY_ZAR,DRC,ReservoirHydro,Water,2024,2060,108.4,3,,,,,,0.193435172,,,0,4.248837209,50,108.4,0,,0,0,0,0
Omburru_BESS_NAM,Namibia,Storage,Battery,2025,2055,50,2,,,,,,,,,,,,31,0,,0,0,0,0
Omburru_PV_Nam,Namibia,PV,Solar,2022,2055,20,1,0,0,1,1,0,0,28000,0,0,0,30,0,0,,0,0,1,0
Orapa1and2_TH_BWA,Botswana,OCGT,HFO,2000,2031,90,1,,10.41544727,,,,,,,,0,,,0,,0,0,0,0
Otikojoto_Biomass_NAM,Namibia,ST,Biomass,2028,2055,40,2,,12.5,,,,0.8,20000,,,2.697674419,,40,0,,0,0,0,40
Oxbow_HY_LSO,Lesotho,ReservoirHydro,Water,2029,2060,80,3,,,,,,0.2785,,,0,4.248837209,50,80,0,,0,0,0,0
PalmietPH_HY_ZAF,South_Africa,Storage,Water,1988,2060,400,1,,0,1,1,0,0.8,46500,0.55,0,0,50,,0,,0,0,0,0
Paratus_TH_NAM,Namibia,ICE,HFO,1976,2017,25.6,1,,10.41544727,,,,,,,,0,,,0,,0,0,0,0
PortRexGas_TH_ZAF,South_Africa,OCGT,HFO,1976,2026,171,1,,11.26101378,,,,,,,,0,,,0,,0,0,0,0
PowerAfrica_TH_BWA,Botswana,ICE,HFO,2015,2040,0,1,,10.41544727,,,,,,,,0,,0,0,,0,0,0,0
PretoriaWest_TH_ZAF,South_Africa,ST,Coal,1952,2019,180,1,,13.09693531,,,,,,,,0,,,0,,0,0.05,0,180
PV_2027_MWI,Malawi,PV,Solar,2027,2060,300,3,0,0,1,1,0,0,15000,0,0,0.8,25,100,0,,0,0,1,0
PV_2030_MWI,Malawi,PV,Solar,2030,2060,5000,3,0,0,1,1,0,0,15000,0,0,0.8,25,200,0,,0,0,1,0
PV_Caraculo_OffGrid,Angola,PV,Solar,2022,2073,25,1,0,0,1,1,0,0,15000,0,0,0,25,0,0,,0,0,1,0
PV_Tanzania,Tanzania,PV,Solar,2027,2052,8000,3,0,0,1,1,0,0,14000,0,0,0.9,25,100,0,,0,0,1,0
Quedas&Ocua_HY_MOZ,Mozambique,ReservoirHydro,Water,2030,2060,0,3,,,,,,0.406440138,,,0,5.49875969,50,1500,0,,0,0,0,0
Quilengues_HY_AGO,Angola,ReservoirHydro,Water,2040,2060,210,3,,,,,,0.121826136,,,0,5.86744186,50,210,0,,0,0,0,0
RessanoGarciaEDM/Sasol_TH_MOZ,Mozambique,OCGT,Gas,2015,2065,170,1,0.06,9.990938997,,,,,,,,0,,,0,7,10.690939,0.5,0,0
RessanoGarciaGigawatt_TH_MOZ,Mozambique,OCGT,Gas,2016,2066,120,1,0.2,9.990938997,,,,,,,,0,,,0,7,10.690939,0.5,0,0
RochaPinto_TH_AGO,Angola,OCGT,Gas,2000,2019,40,1,0.2,13.62126767,,,,,,,,0,,,0,7,14.32126767,0.25,0,0
Rooiwal_TH_ZAF,South_Africa,ST,Coal,1963,2019,300,1,,12.32541227,,,,,,,,0,,,0,,0,0.05,0,300
RoshPinah_PV_NAM,Namibia,PV,Solar,2025,2060,70,2,0,0,1,1,0,0,15000,0,0,0.8,25,70,0,,0,0,1,0
Ruacana_HY_NAM,Namibia,ReservoirHydro,Water,1975,2060,347,1,,,,,,0.175,,,0,0,50,,0,,0,0,0,0
Ruhudji,Tanzania,ReservoirHydro,Water,2032,2060,358,3,,,,,,0.285,1640,0.5,,1.4794,,358,0,,0,0,0,0
Rukuru_C_MWI,Malawi,ST,Coal,2055,2060,0,3,,9.853126851,,,,,,,,2.84,,0,0,,0,0.05,0,0
Rumakali,Tanzania,ReservoirHydro,Water,2030,2060,222,3,,,,,,0.305,1640,0.5,,2.197,,222,0,,0,0,0,0
Rusumo_HY_TZA,Tanzania,ReservoirHydro,Water,2025,2060,26.7,2,,,,,,0.29,1640,0.5,0,4.248837209,50,26.7,0,,0,0,0,0
Ruzizi12Tshopo_HY_ZAR,DRC,ReservoirHydro,Water,1972,2060,40,1,,,,,,0.31,,,0,0,50,,0,,0,0,0,0
Ruzizi3_HY_ZAR,DRC,ReservoirHydro,Water,2024,2060,110,3,,,,,,0.31,,,0,4.248837209,50,110,0,,0,0,0,0
Ruzizi4_HY_ZAR,DRC,ReservoirHydro,Water,2024,2060,270,3,,,,,,0.31,,,0,4.248837209,50,270,0,,0,0,0,0
SA_CahoraBassa29_HY_MOZ,Mozambique,ReservoirHydro,Water,2000,2060,1375,1,,,,,,0.4,,,0,0,50,,0,,0,0,0,0
SA_CahoraBassa30_HY_MOZ,Mozambique,ReservoirHydro,Water,2034,2060,1245,3,,,,,,0.4,,,0,4.251,50,,0,,0,0,0,0
SACCGTNG_TH_ZAF,South_Africa,CCGT,LNG,2031,2081,1875,3,,,,,,,,,,1.245080501,,937.5,0,7,7.1,0.05,0,0
SACCGTNG2025_TH_ZAF,South_Africa,CCGT,Gas,2025,2078,1220,2,,,,,,,,,0,1.245080501,,1220,0,7,7.1,0.05,0,0
SACCGTNG2027_TH_ZAF,South_Africa,CCGT,Gas,2027,2078,1000,3,,,,,,,,,0,1.245080501,,1000,0,7,7.1,0.05,0,0
SACCGTNG2028_TH_ZAF,South_Africa,CCGT,Gas,2028,2078,4000,3,,,,,,,,,0,1.245080501,,4000,0,7,7.1,0.05,0,0
NewGas_ZAF,South_Africa,CCGT,Gas,2030,2078,10000,3,,,,,,,,,0,1.245080501,,2000,0,7,7.1,0.05,0,0
SACCGTNGcan_TH_ZAF,South_Africa,CCGT,LNG,2031,2081,3750,3,,,,,,,,,,1.245080501,,1875,0,7,7.1,0.05,0,0
SACoal(Large)_TH_ZAF,South_Africa,ST,Coal,2025,2075,7500,3,,8.6,,,,,,,,4.073488372,,2500,0,,0,0.05,0,312.5
SACoal(Medium)_TH_ZAF,South_Africa,ST,Coal,2025,2075,2600,3,,8.6,,,,,,,,5.447227191,,2600,0,,0,0.05,0,325
SACoal(Medium)can_TH_ZAF,South_Africa,ST,Coal,2025,2075,5000,3,,8.6,,,,,,,,4.416923077,,2500,0,,0,0.05,0,312.5
SACoal(Medium)new_TH_ZAF,South_Africa,ST,Coal,2025,2075,5000,3,,8.6,,,,,,,,4.416923077,,1500,0,,0,0.05,0,375
SACSP_REN_ZAF,South_Africa,CSPPlant,CSP,2019,2059,200,1,0,0,1,1,0,0.8,22000,3,0,0,30,0,0,,0,0,0,0
SAGenericBiomass_BIO_ZAF,South_Africa,ST,Biomass,2024,2074,500,3,,10,0.33,0.33,,0.8,48000,,,4.423148479,,500,0,,0,0,0,500
SAGenericSolarPV(Large)22_REN_ZAF,South_Africa,PV,Solar,2022,2060,0,1,0,0,1,1,0,0,15000,0,0,0,25,0,0,,0,0,1,0
SAGenericSolarPV(Medium)23_REN_ZAF,South_Africa,PV,Solar,2023,2060,0,1,0,0,1,1,0,0,15000,0,0,0,25,0,0,,0,0,1,0
SAGenericSolarPV(Medium)24_REN_ZAF,South_Africa,PV,Solar,2024,2060,0,2,0,0,1,1,0,0,15000,0,0,0.8,25,1000,0,,0,0,1,0
SAGenericSolarPV(Medium)25_REN_ZAF,South_Africa,PV,Solar,2025,2060,525,2,0,0,1,1,0,0,15000,0,0,0.8,25,2115,0,,0,0,1,0
SAGenericSolarPV(Medium)26_REN_ZAF,South_Africa,PV,Solar,2026,2060,0,2,0,0,1,1,0,0,15000,0,0,0.8,25,1000,0,,0,0,1,0
SAGenericSolarPV(Medium)27_REN_ZAF,South_Africa,PV,Solar,2027,2060,8526,2,0,0,1,1,0,0,15000,0,0,0.8,25,1000,0,,0,0,1,0
SAGenericSolarPV(Medium)28_REN_ZAF,South_Africa,PV,Solar,2028,2060,0,2,0,0,1,1,0,0,15000,0,0,0.8,25,500,0,,0,0,1,0
SAGenericSolarPV(Medium)29_REN_ZAF,South_Africa,PV,Solar,2029,2060,0,2,0,0,1,1,0,0,15000,0,0,0.8,25,500,0,,0,0,1,0
SAGenericSolarPV(Medium)30_REN_ZAF,South_Africa,PV,Solar,2030,2060,0,2,0,0,1,1,0,0,15000,0,0,0.8,25,500,0,,0,0,1,0
SAGenericWind21_REN_ZAF,South_Africa,OnshoreWind,Wind,2021,2051,0,1,0,0,1,1,0,0,22000,0,0,0,30,0,0,,0,0,1,0
SAGenericWind22_REN_ZAF,South_Africa,OnshoreWind,Wind,2022,2052,0,1,0,0,1,1,0,0,22000,0,0,0,30,0,0,,0,0,1,0
SAGenericWind23_REN_ZAF,South_Africa,OnshoreWind,Wind,2023,2053,0,1,0,0,1,1,0,0,22000,0,0,0,30,0,0,,0,0,1,0
SAGenericWind24_REN_ZAF,South_Africa,OnshoreWind,Wind,2024,2054,0,2,0,0,1,1,0,0,22000,0,0,1.67,30,0,0,,0,0,1,0
SAGenericWind25_REN_ZAF,South_Africa,OnshoreWind,Wind,2025,2055,850,2,0,0,1,1,0,0,22000,0,0,1.67,30,644,0,,0,0,1,0
SAGenericWind26_REN_ZAF,South_Africa,OnshoreWind,Wind,2026,2056,0,2,0,0,1,1,0,0,22000,0,0,1.67,30,140,0,,0,0,1,0
SAGenericWind27_REN_ZAF,South_Africa,OnshoreWind,Wind,2027,2057,1692,2,0,0,1,1,0,0,22000,0,0,1.67,30,684,0,,0,0,1,0
SAGenericWind28_REN_ZAF,South_Africa,OnshoreWind,Wind,2028,2058,0,2,0,0,1,1,0,0,22000,0,0,1.67,30,0,0,,0,0,1,0
SAGenericWind29_REN_ZAF,South_Africa,OnshoreWind,Wind,2029,2059,0,2,0,0,1,1,0,0,22000,0,0,1.67,30,1500,0,,0,0,1,0
SAGenericWind30_REN_ZAF,South_Africa,OnshoreWind,Wind,2030,2060,0,2,0,0,1,1,0,0,22000,0,0,1.67,30,1500,0,,0,0,1,0
Salima_PV_MWI,Malawi,PV,Solar,2022,2060,60,1,0,0,1,1,0,0,15000,0,0,0,25,0,0,,0,0,1,0
SANuclear_NU_ZAF,South_Africa,ST,Uranium,2035,2073,8000,3,0.7,9.2886066,0.1,0.1,0,0,100000,2.3,0,6.295957066,50,2000,0,,0,0.6,0,0
SAOCGTNG_TH_ZAF,South_Africa,OCGT,Gas,2031,2081,700,3,0.2,,,,,,,,,1.016815742,,700,0,7,9.7,0.05,0,0
Sasolburg_TH_ZAF,South_Africa,OCGT,Gas,2012,2062,174.6,1,0.06,9.990938997,,,,,,,,0,,,0,7,10.690939,0.05,0,0
Secunda(SasolChemical)_TH_ZAF,South_Africa,ST,Coal,2010,2060,130,1,,12.08277112,,,,,,,,0,,,0,,0,0.05,0,130
Secunda(SasolSynthetic)_TH_ZAF,South_Africa,OCGT,Gas,2010,2060,150,1,0.2,11.49796803,,,,,,,,0,,,0,7,12.19796803,0.05,0,0
Serengeti_Nkhotakota,Malawi,PV,Solar,2022,2060,21,1,0,0,1,1,0,0,15000,0,0,0,25,0,0,,0,0,1,0
Singida_II,Tanzania,OnshoreWind,Wind,2026,2051,75,3,0,0,1,1,0,0,40000,0,0,1.806,30,75,0,,0,0,1,0
SingidaWind2_REN_TZA,Tanzania,OnshoreWind,Wind,2026,2056,75,2,0,0,1,1,0,0,22000,0,0,1.806,30,37.5,0,,0,0,1,0
SmallHydro_HY_ZAR,DRC,ReservoirHydro,Water,2000,2060,187,1,,,,,,0.193435172,,,0,0,50,,0,,0,0,0,0
SolarRound(PV)_ZMB,Zambia,PV,Solar,2019,2060,88,1,0,0,1,1,0,0,15000,0,0,0,25,,0,,0,0,1,0
SolarRound(PV)New_ZMB,Zambia,PV,Solar,2023,2060,35,1,0,0,1,1,0,0,15000,0,0,0,25,,0,,0,0,1,0
Somanga,Tanzania,OCGT,Gas,2010,2030,7.4,1,0.2,,0.3,0.3,,,,,,0,,,0,,0,0.05,0,0
Somanga_Mtama,Tanzania,CCGT,Gas,2028,2078,345,3,,,0.1,0.1,,,,,0,1.262,,345,0,,0,0.05,0,0
Somanga_PPP,Tanzania,CCGT,Gas,2028,2078,300,3,,,0.1,0.1,,,,,0,1.063,,300,0,,0,0.05,0,0
Somanga_Tanesco,Tanzania,CCGT,Gas,2028,2078,450,3,,,0.1,0.1,,,,,0,1.124,,450,0,,0,0.05,0,0
Sombwe_HY_ZAR,DRC,ReservoirHydro,Water,2024,2060,300,3,,,,,,0.193435172,,,0,4.248837209,50,300,0,,0,0,0,0
Songas,Tanzania,OCGT,Gas,2004,2024,178,1,0.2,,0.1,0.1,,,,,,0,,,0,,0,0.05,0,0
Songwe_Manolo,Tanzania,ReservoirHydro,Water,2030,2060,88,3,,,,,,0.2,4090,0.5,,3.9728,,88,0,,0,0,0,0
Songwe_Sofre,Tanzania,ReservoirHydro,Water,2030,2060,79.5,3,,,,,,0.19,4090,0.5,,3.8779,,79.5,0,,0,0,0,0
SouthernEnergy_TH_ZWE,Zimbabwe,ST,Coal,2021,2071,0,3,,9.22225941,,,,,,,,2.466504472,,0,0,,0,0.05,0,150
SoyoII_TH_AGO,Angola,CCGT,Gas,2055,2105,750,3,,,,,,,,,0,1.245080501,,750,0,7,7.1,0.05,0,0
SoyoIII_TH_AGO,Angola,CCGT,Gas,2055,2082,375,3,,,,,,,,,0,1.245080501,,375,0,7,7.1,0.05,0,0
SreenbrasPH_HY_ZAF,South_Africa,Storage,Water,1988,2060,180,1,,0,1,1,0,0.8,46500,0.55,0,0,50,,0,,0,0,0,0
New_BESS_AGO,Angola,Storage,Battery,2027,2055,4000,3,,,,,,,,,,,,400,0,,0,0,0,0
New_BESS_BWA,Botswana,Storage,Battery,2027,2055,4000,3,,,,,,,,,,,,400,0,,0,0,0,0
New_BESS_DRC,DRC,Storage,Battery,2027,2055,2000,3,,,,,,,,,,,,200,0,,0,0,0,0
New_BESS_DRCSouth,DRC_South,Storage,Battery,2027,2055,2000,3,,,,,,,,,,,,200,0,,0,0,0,0
New_BESS_LSO,Lesotho,Storage,Battery,2027,2055,500,3,,,,,,,,,,,,50,0,,0,0,0,0
New_BESS_MOZ,Mozambique,Storage,Battery,2027,2055,4000,3,,,,,,,,,,,,400,0,,0,0,0,0
New_BESS_MWI,Malawi,Storage,Battery,2027,2055,4000,3,,,,,,,,,,,,100,0,,0,0,0,0
New_BESS_NAM,Namibia,Storage,Battery,2027,2055,4000,3,,,,,,,,,,,,400,0,,0,0,0,0
New_BESS_ZWE,Zimbabwe,Storage,Battery,2027,2055,4000,3,,,,,,,,,,,,400,0,,0,0,0,0
New_BESS_SWZ,Eswatini,Storage,Battery,2027,2055,1000,3,,,,,,,,,,,,100,0,,0,0,0,0
New_BESS_TZA,Tanzania,Storage,Battery,2027,2055,4000,3,,,,,,,,,,,,400,0,,0,0,0,0
New_BESS_ZAF,South_Africa,Storage,Battery,2027,2055,15000,3,,,,,,,,,,,,1500,0,,0,0,0,0
New_BESS_ZMB,Zambia,Storage,Battery,2027,2055,4000,3,,,,,,,,,,,,400,0,,0,0,0,0
SwazilandBiomass_BIO_SWZ,Eswatini,ST,Biomass,2030,2080,35,3,,11.1842406,0.33,0.33,,0.8,48000,,,4.423148479,,35,0,,0,0,0,35
Tanwat_Bio_TZA,Tanzania,ST,Biomass,2011,2051,2.7,1,,10.8998955,,,,0.8,48000,,,0,,,0,,0,0,0,2.7
TanzaniaBiomass_BIO_TZA,Tanzania,ST,Biomass,2024,2074,32,3,,10,0.33,0.33,,0.8,,,,4.423148479,,32,0,,0,0,0,32
TanzaniaSolarPV_REN_TZA,Tanzania,PV,Solar,2024,2060,150,2,0,0,1,1,0,0,15000,0,0,0.8,25,150,0,,0,0,1,0
Taveta_HY_TZA,Tanzania,ReservoirHydro,Water,2030,2060,0,3,,,,,,0.275,,,0,4.8604,50,0,0,,0,0,0,0
"Tedzani_I,_II,_III_HY_MWI",Malawi,ReservoirHydro,Water,2000,2060,102,1,,,,,,0.325077306,,,0,0,50,0,0,,0,0,0,0
Tedzani_IV_HY_MWI,Malawi,ReservoirHydro,Water,2021,2060,19.1,1,,,,,,0.325077306,,,0,0,50,0,0,,0,0,0,0
Tegeta,Tanzania,OCGT,Gas,2009,2029,42,1,0.06,,0.09,0.09,,,,,,0,,,0,,0,0.06,0,0
TegetaIPTL_TH_TZA,Tanzania,ICE,HFO,2002,2027,23.92,1,,12.321621,,,,,,,,0,,,0,,0,0,0,0
Temane_TH_MOZ,Mozambique,OCGT,Gas,2000,2055,1.86,1,0.06,10.41544727,,,,,,,,0,,,0,7,11.11544727,0.45,0,0
Temane2_TH_MOZ,Mozambique,OCGT,Gas,2014,2064,9.2,1,0.06,10.41544727,,,,,,,,0,,,0,7,11.11544727,0.45,0,0
Tete_TH_MOZ,Mozambique,ST,Coal,2025,2075,0,3,,8.6,,,,,,,,2.466504472,,0,0,,0,0.05,0,0
TPC_BIO_TZA,Tanzania,ST,Biomass,2010,2051,7.5,1,,10.8998955,0.33,0.33,,0.8,48000,,,0,,,0,,0,0,0,7.5
Tsate_HY_MOZ,Mozambique,ReservoirHydro,Water,2027,2060,0,3,,,,,,0.406440138,,,0,4.248837209,50,0,0,,0,0,0,0
TumulodoCacador_HY_AGO,Angola,ReservoirHydro,Water,2055,2095,450,3,,,,,,0.3475,,,0,4.248837209,50,450,0,,0,0,0,0
Tutuka_TH_ZAF,South_Africa,ST,Coal,1985,2040,3510,1,,12.8,,,,,,,,0,,,0,,0,0.05,0,610
Ubongo_I,Tanzania,OCGT,Gas,2007,2027,98,1,0.2,,0.3,0.3,,,,,,0,,,0,,0,0.05,0,0
Ubungo_II,Tanzania,OCGT,Gas,2012,2055,126,1,0.2,10.232,0.1,0.1,,,,,,0,,,0,,0,0.05,0,0
Ubungo_III,Tanzania,OCGT,Gas,2022,2055,112,1,0.2,10.232,0.1,0.1,,,,,,0,,,0,,0,0.05,0,0
Upper_Kihansi,Tanzania,ReservoirHydro,Water,2030,2060,47,3,,,,,,0.26,4090,0.5,0,2.392,50,47,0,,0,0,0,0
Vanderkloof_HY_ZAF,South_Africa,ReservoirHydro,Water,1977,2060,240,1,,,,,,0.185,,,0,0,50,,0,,0,0,0,0
VanEck_TH_NAM,Namibia,ST,Coal,1972,2040,50,1,,11.373804,,,,,,,,0,,,0,,0,0.1,0,33
VictoriaFalls_HY_ZMB,Zambia,ReservoirHydro,Water,1968,2060,108,1,,,,,,0.436146831,,,0,0,50,,0,,0,0,0,0
Vuka_HY_AGO,Angola,ReservoirHydro,Water,2032,2060,121,3,,,,,,0.121826136,,,0,4.248837209,50,121,0,,0,0,0,0
WanieRukula_HY_ZAR,DRC,ReservoirHydro,Water,2024,2060,0,3,,,,,,0.193435172,,,0,4.248837209,50,0,0,,0,0,0,0
Waste_to_energy_(Blantyre)_BM_MWI,Malawi,ST,Biomass,2031,2060,10,3,,10,,,,,,10,,7.2,,10,0,,0,0,0,0
Wind_2030_MWI,Malawi,OnshoreWind,Wind,2030,2060,350,3,0,0,1,1,0,0,28000,0,0,1.6,30,50,0,,0,0,1,0
Wind_Tanzania,Tanzania,OnshoreWind,Wind,2027,2051,6000,3,0,0,1,1,0,0,40000,0,0,1.806,30,100,0,,0,0,1,0
Wovwe_additional_HY_MWI,Malawi,ReservoirHydro,Water,2027,2060,4.5,2,,,,,,0.325077306,,,0,3.536,50,4.5,0,,0,0,0,0
Wovwe_HY_MWI,Malawi,ReservoirHydro,Water,2000,2060,4.35,1,,,,,,0.325077306,,,0,0,50,0,0,,0,0,0,0
ZambiaCoal_TH_ZMB,Zambia,ST,Coal,2032,2082,0,3,,8.6,,,,,,,,2.466504472,,0,0,,0,0.05,0,0
ZambiaOCGTDiesel_TH_ZMB,Zambia,ICE,Diesel,2020,2070,84,1,0.2,9.7,1,1,0,0.2,17000,4,0,0,30,0,0,,0,0,0,0
Zenzo_HY_AGO,Angola,ReservoirHydro,Water,2035,2075,570,3,,,,,,0.3325,,,0,4.248837209,50,570,0,,0,0,0,0
ZimbabweNG_TH_ZWE,Zimbabwe,ICE,HFO,2024,2054,500,3,,10.41544727,,,,,,,,0.933810376,,500,0,,0,0.06,0,0
ZPCSolarCSP_TH_ZWE,Zimbabwe,CSPPlant,CSP,2024,2064,0,3,0,0,1,1,0,0.8,22000,3,0,1.8,30,0,0,,0,0,0,0
Komati_BESS,South_Africa,Storage,Battery,2025,2045,120,2,,,,,,,,,,,,,,,,,,
RoshPinah_Wind_NAM,Namibia,OnshoreWind,Wind,2027,2057,40,2,0,0,1,1,0,0,28000,0,0,1.8,30,44,0,,0,0,1,0